{"cameraMode":{"drawMode":2,"name":"Shaded Wireframe","section":"Shading Mode"},"sceneLighting":true,"audioPlay":false,"sceneViewState":{"showFog":false,"showMaterialUpdate":false,"showSkybox":false,"showFlares":false,"showImageEffects":false,"showParticleSystems":false},"in2DMode":false,"pivot":{"x":30.96540641784668,"y":-21.503658294677736,"z":49.748538970947269},"rotation":{"x":0.18142569065093995,"y":0.23208607733249665,"z":-0.04410446062684059,"w":0.9546204209327698},"size":72.15974426269531,"orthographic":false}